Datetime,Water Level (m)
2025-12-09 12:00:00,0.9470599
2025-12-09 13:00:00,0.8794404
2025-12-09 14:00:00,0.57286996
2025-12-09 15:00:00,0.18567967
2025-12-09 16:00:00,-0.20827483
2025-12-09 17:00:00,-0.6094483
2025-12-09 18:00:00,-0.9562307
2025-12-09 19:00:00,-1.1429038
2025-12-09 20:00:00,-0.64808434
2025-12-09 21:00:00,0.02688765
2025-12-09 22:00:00,0.6766053
2025-12-09 23:00:00,1.1671209
2025-12-10 00:00:00,1.4158151
2025-12-10 01:00:00,1.3483914
2025-12-10 02:00:00,0.9880456
2025-12-10 03:00:00,0.55150145
2025-12-10 04:00:00,0.09628005
2025-12-10 05:00:00,-0.3459688
2025-12-10 06:00:00,-0.7503628
2025-12-10 07:00:00,-1.1032685
2025-12-10 08:00:00,-1.1765438
2025-12-10 09:00:00,-0.70484716
2025-12-10 10:00:00,-0.12163312
2025-12-10 11:00:00,0.4351631
2025-12-10 12:00:00,0.85787433
2025-12-10 13:00:00,1.069949
2025-12-10 14:00:00,0.97334886
2025-12-10 15:00:00,0.64241594
2025-12-10 16:00:00,0.23975413
2025-12-10 17:00:00,-0.16127402
2025-12-10 18:00:00,-0.560137
2025-12-10 19:00:00,-0.8897955
2025-12-10 20:00:00,-1.0024989
2025-12-10 21:00:00,-0.54501975
2025-12-10 22:00:00,0.052387424
2025-12-10 23:00:00,0.60250765
2025-12-11 00:00:00,1.0245252
2025-12-11 01:00:00,1.236196
2025-12-11 02:00:00,1.1372977
2025-12-11 03:00:00,0.8006809
2025-12-11 04:00:00,0.38572478
2025-12-11 05:00:00,-0.033071566
2025-12-11 06:00:00,-0.45346105
2025-12-11 07:00:00,-0.8312392
2025-12-11 08:00:00,-1.1444606
2025-12-11 09:00:00,-1.1405314
2025-12-11 10:00:00,-0.6645914
2025-12-11 11:00:00,-0.09872854
2025-12-11 12:00:00,0.42985
2025-12-11 13:00:00,0.82721436
2025-12-11 14:00:00,1.0218396
2025-12-11 15:00:00,0.9343592
2025-12-11 16:00:00,0.62713045
2025-12-11 17:00:00,0.2424679
2025-12-11 18:00:00,-0.13830702
2025-12-11 19:00:00,-0.51116747
2025-12-11 20:00:00,-0.8167477
2025-12-11 21:00:00,-0.9087641
2025-12-11 22:00:00,-0.5464622
2025-12-11 23:00:00,-0.02446708
2025-12-12 00:00:00,0.46683243
2025-12-12 01:00:00,0.8436618
2025-12-12 02:00:00,1.0274489
2025-12-12 03:00:00,0.94576406
2025-12-12 04:00:00,0.6469159
2025-12-12 05:00:00,0.2665679
2025-12-12 06:00:00,-0.117263526
2025-12-12 07:00:00,-0.5039689
2025-12-12 08:00:00,-0.85161805
2025-12-12 09:00:00,-1.1231602
2025-12-12 10:00:00,-1.0708661
2025-12-12 11:00:00,-0.6173134
2025-12-12 12:00:00,-0.080523595
2025-12-12 13:00:00,0.42218646
2025-12-12 14:00:00,0.80399734
2025-12-12 15:00:00,1.0000883
2025-12-12 16:00:00,0.9352227
2025-12-12 17:00:00,0.65195733
2025-12-12 18:00:00,0.2826276
2025-12-12 19:00:00,-0.08397441
2025-12-12 20:00:00,-0.43970427
2025-12-12 21:00:00,-0.7291149
2025-12-12 22:00:00,-0.86375666
2025-12-12 23:00:00,-0.61491555
2025-12-13 00:00:00,-0.16082212
2025-12-13 01:00:00,0.2840361
2025-12-13 02:00:00,0.6359669
2025-12-13 03:00:00,0.83512825
2025-12-13 04:00:00,0.81032413
2025-12-13 05:00:00,0.56333184
2025-12-13 06:00:00,0.21285799
2025-12-13 07:00:00,-0.14835002
2025-12-13 08:00:00,-0.51406425
2025-12-13 09:00:00,-0.8445506
2025-12-13 10:00:00,-1.0894984
2025-12-13 11:00:00,-1.0093628
2025-12-13 12:00:00,-0.5675506
2025-12-13 13:00:00,-0.045015752
2025-12-13 14:00:00,0.44509074
2025-12-13 15:00:00,0.8228244
2025-12-13 16:00:00,1.0225226
2025-12-13 17:00:00,0.97054857
2025-12-13 18:00:00,0.6996125
2025-12-13 19:00:00,0.33734336
2025-12-13 20:00:00,-0.03089606
2025-12-13 21:00:00,-0.38507223
2025-12-13 22:00:00,-0.6806571
2025-12-13 23:00:00,-0.87490296
2025-12-14 00:00:00,-0.73351085
2025-12-14 01:00:00,-0.32700667
2025-12-14 02:00:00,0.10454818
2025-12-14 03:00:00,0.46651345
2025-12-14 04:00:00,0.7051335
2025-12-14 05:00:00,0.7414417
2025-12-14 06:00:00,0.5354492
2025-12-14 07:00:00,0.20550603
2025-12-14 08:00:00,-0.14427872
2025-12-14 09:00:00,-0.49987277
2025-12-14 10:00:00,-0.8254032
2025-12-14 11:00:00,-1.0622869
2025-12-14 12:00:00,-0.9817526
2025-12-14 13:00:00,-0.54089564
2025-12-14 14:00:00,-0.0136061795
2025-12-14 15:00:00,0.47800052
2025-12-14 16:00:00,0.8561761
2025-12-14 17:00:00,1.0592765
2025-12-14 18:00:00,1.0175807
2025-12-14 19:00:00,0.7514657
2025-12-14 20:00:00,0.38473636
2025-12-14 21:00:00,0.0056220405
2025-12-14 22:00:00,-0.36073384
2025-12-14 23:00:00,-0.67555463
2025-12-15 00:00:00,-0.8979488
2025-12-15 01:00:00,-0.81728786
2025-12-15 02:00:00,-0.4247144
2025-12-15 03:00:00,-0.0008020842
2025-12-15 04:00:00,0.3878351
2025-12-15 05:00:00,0.6517906
2025-12-15 06:00:00,0.717117
2025-12-15 07:00:00,0.5270507
2025-12-15 08:00:00,0.1988139
2025-12-15 09:00:00,-0.1529595
2025-12-15 10:00:00,-0.5126649
2025-12-15 11:00:00,-0.84072864
2025-12-15 12:00:00,-1.0730846
